"year","county","fips","Value"
1895,"Apache","04001",48.325
1896,"Apache","04001",50.1666666666667
1897,"Apache","04001",49.2833333333333
1898,"Apache","04001",49.225
1899,"Apache","04001",49.775
1900,"Apache","04001",51.025
1901,"Apache","04001",51.2833333333333
1902,"Apache","04001",50.8833333333333
1903,"Apache","04001",49.325
1904,"Apache","04001",50.6416666666667
1905,"Apache","04001",49.8583333333333
1906,"Apache","04001",49.9583333333333
1907,"Apache","04001",50.55
1908,"Apache","04001",49.4583333333333
1909,"Apache","04001",49.35
1910,"Apache","04001",52.1333333333333
1911,"Apache","04001",50.1
1912,"Apache","04001",47.9083333333333
1913,"Apache","04001",47.925
1914,"Apache","04001",50.525
1915,"Apache","04001",48.6833333333333
1916,"Apache","04001",49.8833333333333
1917,"Apache","04001",49.3166666666667
1918,"Apache","04001",49.4583333333333
1919,"Apache","04001",48.4583333333333
1920,"Apache","04001",48.625
1921,"Apache","04001",50.875
1922,"Apache","04001",49.3583333333333
1923,"Apache","04001",48.4916666666667
1924,"Apache","04001",48.8583333333333
1925,"Apache","04001",49.825
1926,"Apache","04001",50.3833333333333
1927,"Apache","04001",50.5
1928,"Apache","04001",50.0833333333333
1929,"Apache","04001",49.1083333333333
1930,"Apache","04001",48.8416666666667
1931,"Apache","04001",49.1
1932,"Apache","04001",48.3416666666667
1933,"Apache","04001",48.75
1934,"Apache","04001",52.3166666666667
1935,"Apache","04001",49.5583333333333
1936,"Apache","04001",50.675
1937,"Apache","04001",49.4583333333333
1938,"Apache","04001",49.9416666666667
1939,"Apache","04001",50.1583333333333
1940,"Apache","04001",51.05
1941,"Apache","04001",48.975
1942,"Apache","04001",49.525
1943,"Apache","04001",51.1416666666667
1944,"Apache","04001",48.7666666666667
1945,"Apache","04001",49.1666666666667
1946,"Apache","04001",50.3416666666667
1947,"Apache","04001",49.55
1948,"Apache","04001",49.1916666666667
1949,"Apache","04001",48.7666666666667
1950,"Apache","04001",50.9083333333333
1951,"Apache","04001",49.4083333333333
1952,"Apache","04001",49.0166666666667
1953,"Apache","04001",49.7083333333333
1954,"Apache","04001",51.4333333333333
1955,"Apache","04001",49.0166666666667
1956,"Apache","04001",49.6916666666667
1957,"Apache","04001",49.9666666666667
1958,"Apache","04001",50.5916666666667
1959,"Apache","04001",50.275
1960,"Apache","04001",49.5
1961,"Apache","04001",49.2083333333333
1962,"Apache","04001",49.9416666666667
1963,"Apache","04001",50.3083333333333
1964,"Apache","04001",48.1416666666667
1965,"Apache","04001",48.8166666666667
1966,"Apache","04001",50.0416666666667
1967,"Apache","04001",49.375
1968,"Apache","04001",48.2
1969,"Apache","04001",50.05
1970,"Apache","04001",48.975
1971,"Apache","04001",48.6166666666667
1972,"Apache","04001",49.9916666666667
1973,"Apache","04001",48.25
1974,"Apache","04001",49.425
1975,"Apache","04001",47.725
1976,"Apache","04001",49.05
1977,"Apache","04001",50.225
1978,"Apache","04001",50.15
1979,"Apache","04001",48.6666666666667
1980,"Apache","04001",50.225
1981,"Apache","04001",51.4666666666667
1982,"Apache","04001",49.1333333333333
1983,"Apache","04001",49.5083333333333
1984,"Apache","04001",49.4333333333333
1985,"Apache","04001",49.8416666666667
1986,"Apache","04001",50.6583333333333
1987,"Apache","04001",49.0333333333333
1988,"Apache","04001",49.8416666666667
1989,"Apache","04001",51.0166666666667
1990,"Apache","04001",49.8416666666667
1991,"Apache","04001",49.1166666666667
1992,"Apache","04001",49.0916666666667
1993,"Apache","04001",49.95
1994,"Apache","04001",50.8666666666667
1995,"Apache","04001",51.0166666666667
1996,"Apache","04001",51.8333333333333
1997,"Apache","04001",50.1333333333333
1998,"Apache","04001",50.3416666666667
1999,"Apache","04001",50.8416666666667
2000,"Apache","04001",51.975
2001,"Apache","04001",51.4833333333333
2002,"Apache","04001",51.1333333333333
2003,"Apache","04001",52.075
2004,"Apache","04001",50.4916666666667
2005,"Apache","04001",51.55
2006,"Apache","04001",51.1083333333333
2007,"Apache","04001",51.5916666666667
2008,"Apache","04001",50.1666666666667
2009,"Apache","04001",50.6166666666667
2010,"Apache","04001",50.3666666666667
2011,"Apache","04001",50.0166666666667
2012,"Apache","04001",52.1833333333333
2013,"Apache","04001",50.025
2014,"Apache","04001",52.0833333333333
2015,"Apache","04001",51.8666666666667
2016,"Apache","04001",52.125
2017,"Apache","04001",53.05
2018,"Apache","04001",52.25
2019,"Apache","04001",50.4583333333333
2020,"Apache","04001",52.5666666666667
2021,"Apache","04001",52.025
2022,"Apache","04001",51.1583333333333
2023,"Apache","04001",50.8333333333333
2024,"Apache","04001",39.9
1895,"Cochise","04003",59.0333333333333
1896,"Cochise","04003",60.2166666666667
1897,"Cochise","04003",59.1166666666667
1898,"Cochise","04003",59.4
1899,"Cochise","04003",60.25
1900,"Cochise","04003",62.3916666666667
1901,"Cochise","04003",61.0916666666667
1902,"Cochise","04003",61.4083333333333
1903,"Cochise","04003",60.575
1904,"Cochise","04003",60.9166666666667
1905,"Cochise","04003",60.325
1906,"Cochise","04003",60.3666666666667
1907,"Cochise","04003",59.9666666666667
1908,"Cochise","04003",59.7833333333333
1909,"Cochise","04003",59.9666666666667
1910,"Cochise","04003",61.85
1911,"Cochise","04003",60.1166666666667
1912,"Cochise","04003",57.8083333333333
1913,"Cochise","04003",58.6083333333333
1914,"Cochise","04003",60.2416666666667
1915,"Cochise","04003",59.15
1916,"Cochise","04003",60.35
1917,"Cochise","04003",59.6666666666667
1918,"Cochise","04003",59.5666666666667
1919,"Cochise","04003",58.7916666666667
1920,"Cochise","04003",58.7583333333333
1921,"Cochise","04003",60.5333333333333
1922,"Cochise","04003",59.775
1923,"Cochise","04003",59.025
1924,"Cochise","04003",59.9916666666667
1925,"Cochise","04003",60
1926,"Cochise","04003",59.9333333333333
1927,"Cochise","04003",60.9083333333333
1928,"Cochise","04003",60.5166666666667
1929,"Cochise","04003",58.9416666666667
1930,"Cochise","04003",59
1931,"Cochise","04003",59.575
1932,"Cochise","04003",59.3666666666667
1933,"Cochise","04003",59.825
1934,"Cochise","04003",61.8166666666667
1935,"Cochise","04003",59.85
1936,"Cochise","04003",60.7416666666667
1937,"Cochise","04003",60.4
1938,"Cochise","04003",60.5
1939,"Cochise","04003",60.3083333333333
1940,"Cochise","04003",61.1083333333333
1941,"Cochise","04003",59.8666666666667
1942,"Cochise","04003",60.5416666666667
1943,"Cochise","04003",61.3333333333333
1944,"Cochise","04003",59.1833333333333
1945,"Cochise","04003",59.9333333333333
1946,"Cochise","04003",60.275
1947,"Cochise","04003",59.9416666666667
1948,"Cochise","04003",60.1083333333333
1949,"Cochise","04003",59.525
1950,"Cochise","04003",62.0333333333333
1951,"Cochise","04003",60.2833333333333
1952,"Cochise","04003",60.2
1953,"Cochise","04003",60.2666666666667
1954,"Cochise","04003",62.0666666666667
1955,"Cochise","04003",59.5
1956,"Cochise","04003",60.4333333333333
1957,"Cochise","04003",60.675
1958,"Cochise","04003",60.75
1959,"Cochise","04003",61.0416666666667
1960,"Cochise","04003",60.4
1961,"Cochise","04003",60.3416666666667
1962,"Cochise","04003",61.025
1963,"Cochise","04003",60.7916666666667
1964,"Cochise","04003",58.6083333333333
1965,"Cochise","04003",59.9166666666667
1966,"Cochise","04003",59.7916666666667
1967,"Cochise","04003",60.2
1968,"Cochise","04003",59.5833333333333
1969,"Cochise","04003",60.6333333333333
1970,"Cochise","04003",60
1971,"Cochise","04003",59.725
1972,"Cochise","04003",60.6666666666667
1973,"Cochise","04003",59.5
1974,"Cochise","04003",60.3333333333333
1975,"Cochise","04003",59.2833333333333
1976,"Cochise","04003",59.4166666666667
1977,"Cochise","04003",60.95
1978,"Cochise","04003",60.7916666666667
1979,"Cochise","04003",60.05
1980,"Cochise","04003",61.1916666666667
1981,"Cochise","04003",61.725
1982,"Cochise","04003",60.525
1983,"Cochise","04003",59.8416666666667
1984,"Cochise","04003",60.175
1985,"Cochise","04003",60.3833333333333
1986,"Cochise","04003",61.2333333333333
1987,"Cochise","04003",59.8166666666667
1988,"Cochise","04003",60.725
1989,"Cochise","04003",62.2
1990,"Cochise","04003",60.8666666666667
1991,"Cochise","04003",60.05
1992,"Cochise","04003",60.3333333333333
1993,"Cochise","04003",61.1916666666667
1994,"Cochise","04003",62.0666666666667
1995,"Cochise","04003",61.8416666666667
1996,"Cochise","04003",62.675
1997,"Cochise","04003",61.3333333333333
1998,"Cochise","04003",60.8083333333333
1999,"Cochise","04003",61.725
2000,"Cochise","04003",62.2666666666667
2001,"Cochise","04003",61.475
2002,"Cochise","04003",62.0583333333333
2003,"Cochise","04003",62.725
2004,"Cochise","04003",60.8
2005,"Cochise","04003",62.2833333333333
2006,"Cochise","04003",62.0833333333333
2007,"Cochise","04003",61.825
2008,"Cochise","04003",61.325
2009,"Cochise","04003",62.3416666666667
2010,"Cochise","04003",61.2666666666667
2011,"Cochise","04003",61.8
2012,"Cochise","04003",63.1416666666667
2013,"Cochise","04003",61.3166666666667
2014,"Cochise","04003",62.7166666666667
2015,"Cochise","04003",62.1833333333333
2016,"Cochise","04003",62.55
2017,"Cochise","04003",63.9083333333333
2018,"Cochise","04003",62.9583333333333
2019,"Cochise","04003",61.125
2020,"Cochise","04003",63.2416666666667
2021,"Cochise","04003",62.4166666666667
2022,"Cochise","04003",60.9416666666667
2023,"Cochise","04003",62.0583333333333
2024,"Cochise","04003",51.1
1895,"Coconino","04005",50.7583333333333
1896,"Coconino","04005",52.225
1897,"Coconino","04005",51.1
1898,"Coconino","04005",51.425
1899,"Coconino","04005",52.4
1900,"Coconino","04005",52.775
1901,"Coconino","04005",52.9
1902,"Coconino","04005",52.3666666666667
1903,"Coconino","04005",51.7666666666667
1904,"Coconino","04005",52.0166666666667
1905,"Coconino","04005",50.5083333333333
1906,"Coconino","04005",51.175
1907,"Coconino","04005",51.9083333333333
1908,"Coconino","04005",50.5583333333333
1909,"Coconino","04005",50.6083333333333
1910,"Coconino","04005",53.5416666666667
1911,"Coconino","04005",50.9666666666667
1912,"Coconino","04005",49.25
1913,"Coconino","04005",49.725
1914,"Coconino","04005",52.1333333333333
1915,"Coconino","04005",50.9916666666667
1916,"Coconino","04005",51.475
1917,"Coconino","04005",50.9166666666667
1918,"Coconino","04005",51.2083333333333
1919,"Coconino","04005",50.4
1920,"Coconino","04005",50.275
1921,"Coconino","04005",52.5583333333333
1922,"Coconino","04005",51.0166666666667
1923,"Coconino","04005",50.1666666666667
1924,"Coconino","04005",50.65
1925,"Coconino","04005",51.4583333333333
1926,"Coconino","04005",52.2
1927,"Coconino","04005",51.7083333333333
1928,"Coconino","04005",52.0916666666667
1929,"Coconino","04005",50.85
1930,"Coconino","04005",50.9166666666667
1931,"Coconino","04005",51.8333333333333
1932,"Coconino","04005",50.75
1933,"Coconino","04005",51.0416666666667
1934,"Coconino","04005",54.4666666666667
1935,"Coconino","04005",51.725
1936,"Coconino","04005",52.8833333333333
1937,"Coconino","04005",51.225
1938,"Coconino","04005",51.5333333333333
1939,"Coconino","04005",52.375
1940,"Coconino","04005",53.4416666666667
1941,"Coconino","04005",50.6166666666667
1942,"Coconino","04005",51.8333333333333
1943,"Coconino","04005",53.1916666666667
1944,"Coconino","04005",50.6916666666667
1945,"Coconino","04005",51.1916666666667
1946,"Coconino","04005",52.0416666666667
1947,"Coconino","04005",52.1333333333333
1948,"Coconino","04005",51.0916666666667
1949,"Coconino","04005",50.075
1950,"Coconino","04005",52.9833333333333
1951,"Coconino","04005",51.3166666666667
1952,"Coconino","04005",51.1166666666667
1953,"Coconino","04005",51.8416666666667
1954,"Coconino","04005",53.175
1955,"Coconino","04005",50.95
1956,"Coconino","04005",52.025
1957,"Coconino","04005",51.725
1958,"Coconino","04005",53.025
1959,"Coconino","04005",52.6916666666667
1960,"Coconino","04005",52.1
1961,"Coconino","04005",51.525
1962,"Coconino","04005",52.0916666666667
1963,"Coconino","04005",52.3333333333333
1964,"Coconino","04005",50.3583333333333
1965,"Coconino","04005",50.7
1966,"Coconino","04005",51.875
1967,"Coconino","04005",51.0833333333333
1968,"Coconino","04005",50.65
1969,"Coconino","04005",51.8916666666667
1970,"Coconino","04005",51.3916666666667
1971,"Coconino","04005",50.5583333333333
1972,"Coconino","04005",52.0583333333333
1973,"Coconino","04005",50.6583333333333
1974,"Coconino","04005",52.0333333333333
1975,"Coconino","04005",50.15
1976,"Coconino","04005",51.5666666666667
1977,"Coconino","04005",52.675
1978,"Coconino","04005",52.075
1979,"Coconino","04005",51.0166666666667
1980,"Coconino","04005",52.4916666666667
1981,"Coconino","04005",53.6583333333333
1982,"Coconino","04005",50.7833333333333
1983,"Coconino","04005",51.8083333333333
1984,"Coconino","04005",51.725
1985,"Coconino","04005",52.1083333333333
1986,"Coconino","04005",53.125
1987,"Coconino","04005",51.5666666666667
1988,"Coconino","04005",52.55
1989,"Coconino","04005",53.3416666666667
1990,"Coconino","04005",52.0333333333333
1991,"Coconino","04005",51.5666666666667
1992,"Coconino","04005",51.8333333333333
1993,"Coconino","04005",52.0916666666667
1994,"Coconino","04005",52.8583333333333
1995,"Coconino","04005",53.3416666666667
1996,"Coconino","04005",54.2833333333333
1997,"Coconino","04005",52.6
1998,"Coconino","04005",51.525
1999,"Coconino","04005",53.0916666666667
2000,"Coconino","04005",54.275
2001,"Coconino","04005",53.7166666666667
2002,"Coconino","04005",53.6
2003,"Coconino","04005",54.5166666666667
2004,"Coconino","04005",52.7833333333333
2005,"Coconino","04005",53.4916666666667
2006,"Coconino","04005",53.3083333333333
2007,"Coconino","04005",54.15
2008,"Coconino","04005",52.9583333333333
2009,"Coconino","04005",53.15
2010,"Coconino","04005",52.65
2011,"Coconino","04005",52.525
2012,"Coconino","04005",54.6666666666667
2013,"Coconino","04005",52.5583333333333
2014,"Coconino","04005",54.7583333333333
2015,"Coconino","04005",54.1333333333333
2016,"Coconino","04005",54.4083333333333
2017,"Coconino","04005",55.3666666666667
2018,"Coconino","04005",54.7583333333333
2019,"Coconino","04005",52.5416666666667
2020,"Coconino","04005",55.2666666666667
2021,"Coconino","04005",54.8083333333333
2022,"Coconino","04005",53.975
2023,"Coconino","04005",52.7666666666667
2024,"Coconino","04005",42.45
1895,"Gila","04007",57.5833333333333
1896,"Gila","04007",58.5916666666667
1897,"Gila","04007",57.85
1898,"Gila","04007",58.075
1899,"Gila","04007",57.7583333333333
1900,"Gila","04007",58.625
1901,"Gila","04007",58.4666666666667
1902,"Gila","04007",58.9166666666667
1903,"Gila","04007",58.3583333333333
1904,"Gila","04007",59.3666666666667
1905,"Gila","04007",58.525
1906,"Gila","04007",58.3916666666667
1907,"Gila","04007",58.7666666666667
1908,"Gila","04007",57.9916666666667
1909,"Gila","04007",57.725
1910,"Gila","04007",60.5416666666667
1911,"Gila","04007",58.025
1912,"Gila","04007",56.6916666666667
1913,"Gila","04007",57.025
1914,"Gila","04007",59.1916666666667
1915,"Gila","04007",56.85
1916,"Gila","04007",57.3833333333333
1917,"Gila","04007",57.5416666666667
1918,"Gila","04007",57.7083333333333
1919,"Gila","04007",57.0416666666667
1920,"Gila","04007",57.225
1921,"Gila","04007",59.125
1922,"Gila","04007",57.9166666666667
1923,"Gila","04007",57
1924,"Gila","04007",58.3333333333333
1925,"Gila","04007",58.3416666666667
1926,"Gila","04007",58.4666666666667
1927,"Gila","04007",58.6083333333333
1928,"Gila","04007",58.875
1929,"Gila","04007",57.6416666666667
1930,"Gila","04007",57.775
1931,"Gila","04007",58.3916666666667
1932,"Gila","04007",57.3166666666667
1933,"Gila","04007",57.775
1934,"Gila","04007",60.625
1935,"Gila","04007",57.6333333333333
1936,"Gila","04007",59.0416666666667
1937,"Gila","04007",58.1916666666667
1938,"Gila","04007",58.4916666666667
1939,"Gila","04007",58.575
1940,"Gila","04007",60.0416666666667
1941,"Gila","04007",57.3833333333333
1942,"Gila","04007",58.4
1943,"Gila","04007",59.6666666666667
1944,"Gila","04007",57.2333333333333
1945,"Gila","04007",57.725
1946,"Gila","04007",58.5333333333333
1947,"Gila","04007",58.5083333333333
1948,"Gila","04007",58.15
1949,"Gila","04007",57.7666666666667
1950,"Gila","04007",59.7166666666667
1951,"Gila","04007",57.9583333333333
1952,"Gila","04007",57.975
1953,"Gila","04007",58.1916666666667
1954,"Gila","04007",59.9583333333333
1955,"Gila","04007",57.7333333333333
1956,"Gila","04007",58.8583333333333
1957,"Gila","04007",58.5583333333333
1958,"Gila","04007",59.2916666666667
1959,"Gila","04007",59.2916666666667
1960,"Gila","04007",58.6083333333333
1961,"Gila","04007",58.65
1962,"Gila","04007",59.0833333333333
1963,"Gila","04007",58.8083333333333
1964,"Gila","04007",56.875
1965,"Gila","04007",57.75
1966,"Gila","04007",58.7
1967,"Gila","04007",58.175
1968,"Gila","04007",57.8083333333333
1969,"Gila","04007",58.85
1970,"Gila","04007",58
1971,"Gila","04007",57.375
1972,"Gila","04007",58.8916666666667
1973,"Gila","04007",57.4166666666667
1974,"Gila","04007",58.6833333333333
1975,"Gila","04007",57.1166666666667
1976,"Gila","04007",58
1977,"Gila","04007",59.375
1978,"Gila","04007",59.1583333333333
1979,"Gila","04007",58.2
1980,"Gila","04007",59.425
1981,"Gila","04007",60.4416666666667
1982,"Gila","04007",58.075
1983,"Gila","04007",58.3
1984,"Gila","04007",58.6
1985,"Gila","04007",58.575
1986,"Gila","04007",59.5666666666667
1987,"Gila","04007",58.25
1988,"Gila","04007",59.4416666666667
1989,"Gila","04007",60.65
1990,"Gila","04007",58.95
1991,"Gila","04007",58.3833333333333
1992,"Gila","04007",58.4083333333333
1993,"Gila","04007",59.1666666666667
1994,"Gila","04007",59.6
1995,"Gila","04007",60.25
1996,"Gila","04007",60.975
1997,"Gila","04007",59.8833333333333
1998,"Gila","04007",58.6666666666667
1999,"Gila","04007",60.125
2000,"Gila","04007",61.1083333333333
2001,"Gila","04007",60.4416666666667
2002,"Gila","04007",60.575
2003,"Gila","04007",61.1666666666667
2004,"Gila","04007",59.45
2005,"Gila","04007",60.5666666666667
2006,"Gila","04007",60.4833333333333
2007,"Gila","04007",60.975
2008,"Gila","04007",59.8166666666667
2009,"Gila","04007",60.2416666666667
2010,"Gila","04007",59.8
2011,"Gila","04007",60
2012,"Gila","04007",61.4083333333333
2013,"Gila","04007",60.0666666666667
2014,"Gila","04007",61.65
2015,"Gila","04007",61.0916666666667
2016,"Gila","04007",61.75
2017,"Gila","04007",62.5583333333333
2018,"Gila","04007",61.8583333333333
2019,"Gila","04007",59.8333333333333
2020,"Gila","04007",61.9416666666667
2021,"Gila","04007",61.45
2022,"Gila","04007",60.3666666666667
2023,"Gila","04007",60.0416666666667
2024,"Gila","04007",47.65
1895,"Graham","04009",58.6583333333333
1896,"Graham","04009",59.8416666666667
1897,"Graham","04009",58.8916666666667
1898,"Graham","04009",59.775
1899,"Graham","04009",60.625
1900,"Graham","04009",61.7666666666667
1901,"Graham","04009",61.0833333333333
1902,"Graham","04009",61.25
1903,"Graham","04009",60.3
1904,"Graham","04009",61.525
1905,"Graham","04009",60.6583333333333
1906,"Graham","04009",60.675
1907,"Graham","04009",60.8333333333333
1908,"Graham","04009",59.9833333333333
1909,"Graham","04009",60.075
1910,"Graham","04009",62.525
1911,"Graham","04009",60.4583333333333
1912,"Graham","04009",58.5583333333333
1913,"Graham","04009",59.325
1914,"Graham","04009",61.2666666666667
1915,"Graham","04009",58.9666666666667
1916,"Graham","04009",60.2666666666667
1917,"Graham","04009",60.0916666666667
1918,"Graham","04009",60.3
1919,"Graham","04009",59.7166666666667
1920,"Graham","04009",58.95
1921,"Graham","04009",61.375
1922,"Graham","04009",60.6333333333333
1923,"Graham","04009",59.3
1924,"Graham","04009",60.5333333333333
1925,"Graham","04009",60.6916666666667
1926,"Graham","04009",60.6583333333333
1927,"Graham","04009",61.0083333333333
1928,"Graham","04009",60.9166666666667
1929,"Graham","04009",59.5916666666667
1930,"Graham","04009",59.8666666666667
1931,"Graham","04009",60.4166666666667
1932,"Graham","04009",59.55
1933,"Graham","04009",59.95
1934,"Graham","04009",62.4666666666667
1935,"Graham","04009",59.625
1936,"Graham","04009",60.9666666666667
1937,"Graham","04009",60.5083333333333
1938,"Graham","04009",60.6416666666667
1939,"Graham","04009",60.875
1940,"Graham","04009",61.4666666666667
1941,"Graham","04009",59.8333333333333
1942,"Graham","04009",60.1583333333333
1943,"Graham","04009",60.95
1944,"Graham","04009",59.1166666666667
1945,"Graham","04009",59.4333333333333
1946,"Graham","04009",60.25
1947,"Graham","04009",60.225
1948,"Graham","04009",59.8416666666667
1949,"Graham","04009",59.4916666666667
1950,"Graham","04009",60.9583333333333
1951,"Graham","04009",59.7833333333333
1952,"Graham","04009",59.725
1953,"Graham","04009",59.725
1954,"Graham","04009",61.55
1955,"Graham","04009",59.15
1956,"Graham","04009",60
1957,"Graham","04009",59.9666666666667
1958,"Graham","04009",60.45
1959,"Graham","04009",60.475
1960,"Graham","04009",59.825
1961,"Graham","04009",59.6416666666667
1962,"Graham","04009",60.425
1963,"Graham","04009",60.1166666666667
1964,"Graham","04009",58.1083333333333
1965,"Graham","04009",59.3166666666667
1966,"Graham","04009",59.6833333333333
1967,"Graham","04009",59.575
1968,"Graham","04009",59.1166666666667
1969,"Graham","04009",60.3
1970,"Graham","04009",59.2416666666667
1971,"Graham","04009",59
1972,"Graham","04009",60.0583333333333
1973,"Graham","04009",58.4583333333333
1974,"Graham","04009",59.675
1975,"Graham","04009",58.2583333333333
1976,"Graham","04009",59.1
1977,"Graham","04009",60.6916666666667
1978,"Graham","04009",60.5416666666667
1979,"Graham","04009",59.35
1980,"Graham","04009",60.5083333333333
1981,"Graham","04009",61.5833333333333
1982,"Graham","04009",59.5666666666667
1983,"Graham","04009",59.55
1984,"Graham","04009",59.9416666666667
1985,"Graham","04009",59.925
1986,"Graham","04009",60.675
1987,"Graham","04009",59.325
1988,"Graham","04009",60.4416666666667
1989,"Graham","04009",61.8
1990,"Graham","04009",60.3083333333333
1991,"Graham","04009",59.6916666666667
1992,"Graham","04009",59.8083333333333
1993,"Graham","04009",60.6666666666667
1994,"Graham","04009",61.4083333333333
1995,"Graham","04009",61.4
1996,"Graham","04009",62.3166666666667
1997,"Graham","04009",61.1083333333333
1998,"Graham","04009",60.2666666666667
1999,"Graham","04009",61.5
2000,"Graham","04009",62.2666666666667
2001,"Graham","04009",61.425
2002,"Graham","04009",61.9083333333333
2003,"Graham","04009",62.55
2004,"Graham","04009",60.4833333333333
2005,"Graham","04009",62.0583333333333
2006,"Graham","04009",61.8666666666667
2007,"Graham","04009",61.85
2008,"Graham","04009",60.9666666666667
2009,"Graham","04009",61.925
2010,"Graham","04009",61.0416666666667
2011,"Graham","04009",61.6083333333333
2012,"Graham","04009",62.7
2013,"Graham","04009",61.4083333333333
2014,"Graham","04009",62.675
2015,"Graham","04009",62.2
2016,"Graham","04009",62.575
2017,"Graham","04009",63.6833333333333
2018,"Graham","04009",63.0666666666667
2019,"Graham","04009",61.2583333333333
2020,"Graham","04009",63.3833333333333
2021,"Graham","04009",62.625
2022,"Graham","04009",61.2083333333333
2023,"Graham","04009",61.9333333333333
2024,"Graham","04009",50.2
1895,"Greenlee","04011",53.625
1896,"Greenlee","04011",55.125
1897,"Greenlee","04011",54.4666666666667
1898,"Greenlee","04011",55.175
1899,"Greenlee","04011",55.95
1900,"Greenlee","04011",57.15
1901,"Greenlee","04011",56.225
1902,"Greenlee","04011",56.2416666666667
1903,"Greenlee","04011",55.6833333333333
1904,"Greenlee","04011",57.0833333333333
1905,"Greenlee","04011",56.3083333333333
1906,"Greenlee","04011",56.1916666666667
1907,"Greenlee","04011",56.5333333333333
1908,"Greenlee","04011",55.8
1909,"Greenlee","04011",56.125
1910,"Greenlee","04011",58.7416666666667
1911,"Greenlee","04011",56.5833333333333
1912,"Greenlee","04011",54.2083333333333
1913,"Greenlee","04011",54.6166666666667
1914,"Greenlee","04011",56.7666666666667
1915,"Greenlee","04011",54.4666666666667
1916,"Greenlee","04011",56.3916666666667
1917,"Greenlee","04011",56.0166666666667
1918,"Greenlee","04011",56.5166666666667
1919,"Greenlee","04011",56.325
1920,"Greenlee","04011",54.925
1921,"Greenlee","04011",57.475
1922,"Greenlee","04011",56.975
1923,"Greenlee","04011",55.5916666666667
1924,"Greenlee","04011",56.6833333333333
1925,"Greenlee","04011",57.0166666666667
1926,"Greenlee","04011",56.0416666666667
1927,"Greenlee","04011",57.05
1928,"Greenlee","04011",56.6
1929,"Greenlee","04011",55.7166666666667
1930,"Greenlee","04011",55.85
1931,"Greenlee","04011",56.3416666666667
1932,"Greenlee","04011",55.6916666666667
1933,"Greenlee","04011",55.9166666666667
1934,"Greenlee","04011",58.65
1935,"Greenlee","04011",55.8416666666667
1936,"Greenlee","04011",57.0916666666667
1937,"Greenlee","04011",56.5916666666667
1938,"Greenlee","04011",56.275
1939,"Greenlee","04011",56.4166666666667
1940,"Greenlee","04011",56.5666666666667
1941,"Greenlee","04011",55.125
1942,"Greenlee","04011",55.8833333333333
1943,"Greenlee","04011",56.2583333333333
1944,"Greenlee","04011",54.7916666666667
1945,"Greenlee","04011",55.2166666666667
1946,"Greenlee","04011",56.075
1947,"Greenlee","04011",55.5916666666667
1948,"Greenlee","04011",55.525
1949,"Greenlee","04011",54.9666666666667
1950,"Greenlee","04011",56.45
1951,"Greenlee","04011",55.1333333333333
1952,"Greenlee","04011",54.825
1953,"Greenlee","04011",55.225
1954,"Greenlee","04011",56.9666666666667
1955,"Greenlee","04011",54.5083333333333
1956,"Greenlee","04011",55.2166666666667
1957,"Greenlee","04011",55.3
1958,"Greenlee","04011",55.7916666666667
1959,"Greenlee","04011",55.525
1960,"Greenlee","04011",54.875
1961,"Greenlee","04011",54.8666666666667
1962,"Greenlee","04011",55.525
1963,"Greenlee","04011",55.2833333333333
1964,"Greenlee","04011",53.325
1965,"Greenlee","04011",54.6583333333333
1966,"Greenlee","04011",54.7416666666667
1967,"Greenlee","04011",54.825
1968,"Greenlee","04011",54.05
1969,"Greenlee","04011",55.4416666666667
1970,"Greenlee","04011",54.3166666666667
1971,"Greenlee","04011",54.3333333333333
1972,"Greenlee","04011",55.3416666666667
1973,"Greenlee","04011",53.925
1974,"Greenlee","04011",55.05
1975,"Greenlee","04011",53.725
1976,"Greenlee","04011",54.3416666666667
1977,"Greenlee","04011",55.9166666666667
1978,"Greenlee","04011",55.6416666666667
1979,"Greenlee","04011",54.6333333333333
1980,"Greenlee","04011",56.0083333333333
1981,"Greenlee","04011",56.7333333333333
1982,"Greenlee","04011",55.075
1983,"Greenlee","04011",54.9
1984,"Greenlee","04011",55.275
1985,"Greenlee","04011",55.2916666666667
1986,"Greenlee","04011",55.975
1987,"Greenlee","04011",54.4666666666667
1988,"Greenlee","04011",55.5166666666667
1989,"Greenlee","04011",56.825
1990,"Greenlee","04011",55.5916666666667
1991,"Greenlee","04011",54.8166666666667
1992,"Greenlee","04011",54.925
1993,"Greenlee","04011",55.7583333333333
1994,"Greenlee","04011",56.6916666666667
1995,"Greenlee","04011",56.8
1996,"Greenlee","04011",57.5
1997,"Greenlee","04011",55.9833333333333
1998,"Greenlee","04011",55.5416666666667
1999,"Greenlee","04011",56.6833333333333
2000,"Greenlee","04011",57.6083333333333
2001,"Greenlee","04011",56.6416666666667
2002,"Greenlee","04011",57.2083333333333
2003,"Greenlee","04011",57.9583333333333
2004,"Greenlee","04011",55.675
2005,"Greenlee","04011",57.3083333333333
2006,"Greenlee","04011",57.225
2007,"Greenlee","04011",57.2083333333333
2008,"Greenlee","04011",56.2583333333333
2009,"Greenlee","04011",57.0333333333333
2010,"Greenlee","04011",56.175
2011,"Greenlee","04011",56.7833333333333
2012,"Greenlee","04011",58.2666666666667
2013,"Greenlee","04011",56.4583333333333
2014,"Greenlee","04011",58.1833333333333
2015,"Greenlee","04011",57.8166666666667
2016,"Greenlee","04011",58.1
2017,"Greenlee","04011",59.3333333333333
2018,"Greenlee","04011",58.6583333333333
2019,"Greenlee","04011",57.025
2020,"Greenlee","04011",59.1833333333333
2021,"Greenlee","04011",58.3333333333333
2022,"Greenlee","04011",57.25
2023,"Greenlee","04011",57.4833333333333
2024,"Greenlee","04011",46.3
1895,"La Paz","04012",69.7333333333333
1896,"La Paz","04012",72.375
1897,"La Paz","04012",69.7083333333333
1898,"La Paz","04012",70.35
1899,"La Paz","04012",69.9916666666667
1900,"La Paz","04012",70.95
1901,"La Paz","04012",71.075
1902,"La Paz","04012",70.3833333333333
1903,"La Paz","04012",70.1166666666667
1904,"La Paz","04012",70.725
1905,"La Paz","04012",70.0166666666667
1906,"La Paz","04012",69.8
1907,"La Paz","04012",69.5416666666667
1908,"La Paz","04012",70.0083333333333
1909,"La Paz","04012",68.9416666666667
1910,"La Paz","04012",71.2666666666667
1911,"La Paz","04012",68.4
1912,"La Paz","04012",67.525
1913,"La Paz","04012",68.0666666666667
1914,"La Paz","04012",70.3166666666667
1915,"La Paz","04012",69.075
1916,"La Paz","04012",69.0916666666667
1917,"La Paz","04012",69.8416666666667
1918,"La Paz","04012",69.6833333333333
1919,"La Paz","04012",69.4166666666667
1920,"La Paz","04012",68.5333333333333
1921,"La Paz","04012",70.2333333333333
1922,"La Paz","04012",68.9416666666667
1923,"La Paz","04012",68.4083333333333
1924,"La Paz","04012",69.0666666666667
1925,"La Paz","04012",69.2333333333333
1926,"La Paz","04012",70.2416666666667
1927,"La Paz","04012",69.8583333333333
1928,"La Paz","04012",70.0333333333333
1929,"La Paz","04012",69.3833333333333
1930,"La Paz","04012",69.15
1931,"La Paz","04012",69.8166666666667
1932,"La Paz","04012",69.0833333333333
1933,"La Paz","04012",69.6166666666667
1934,"La Paz","04012",72.7
1935,"La Paz","04012",69.6416666666667
1936,"La Paz","04012",71.45
1937,"La Paz","04012",70.225
1938,"La Paz","04012",69.8166666666667
1939,"La Paz","04012",69.95
1940,"La Paz","04012",71.975
1941,"La Paz","04012",68.3583333333333
1942,"La Paz","04012",69.65
1943,"La Paz","04012",70.8
1944,"La Paz","04012",68.2416666666667
1945,"La Paz","04012",68.9583333333333
1946,"La Paz","04012",69.5666666666667
1947,"La Paz","04012",70.2416666666667
1948,"La Paz","04012",68.8666666666667
1949,"La Paz","04012",69.025
1950,"La Paz","04012",71.0416666666667
1951,"La Paz","04012",69.45
1952,"La Paz","04012",69.9333333333333
1953,"La Paz","04012",70.25
1954,"La Paz","04012",71.725
1955,"La Paz","04012",69.4
1956,"La Paz","04012",70.4833333333333
1957,"La Paz","04012",70.9
1958,"La Paz","04012",72.025
1959,"La Paz","04012",71.7
1960,"La Paz","04012",71.0416666666667
1961,"La Paz","04012",70.8
1962,"La Paz","04012",71.2583333333333
1963,"La Paz","04012",70.6833333333333
1964,"La Paz","04012",69.1416666666667
1965,"La Paz","04012",69.6916666666667
1966,"La Paz","04012",70.6416666666667
1967,"La Paz","04012",70.275
1968,"La Paz","04012",70.3
1969,"La Paz","04012",71.2
1970,"La Paz","04012",70.1666666666667
1971,"La Paz","04012",69.275
1972,"La Paz","04012",70.6666666666667
1973,"La Paz","04012",69.925
1974,"La Paz","04012",70.875
1975,"La Paz","04012",69.15
1976,"La Paz","04012",70.0916666666667
1977,"La Paz","04012",71.2583333333333
1978,"La Paz","04012",70.9416666666667
1979,"La Paz","04012",69.925
1980,"La Paz","04012",71.5166666666667
1981,"La Paz","04012",72.875
1982,"La Paz","04012",69.7
1983,"La Paz","04012",70.5583333333333
1984,"La Paz","04012",71.0083333333333
1985,"La Paz","04012",70.4416666666667
1986,"La Paz","04012",71.5916666666667
1987,"La Paz","04012",70.9666666666667
1988,"La Paz","04012",71.4916666666667
1989,"La Paz","04012",72.55
1990,"La Paz","04012",70.9083333333333
1991,"La Paz","04012",70.6916666666667
1992,"La Paz","04012",71.4166666666667
1993,"La Paz","04012",70.925
1994,"La Paz","04012",71.5
1995,"La Paz","04012",72.4416666666667
1996,"La Paz","04012",73.4166666666667
1997,"La Paz","04012",72.2583333333333
1998,"La Paz","04012",69.875
1999,"La Paz","04012",71.6583333333333
2000,"La Paz","04012",72.6416666666667
2001,"La Paz","04012",72.5083333333333
2002,"La Paz","04012",72.0583333333333
2003,"La Paz","04012",73.025
2004,"La Paz","04012",71.8416666666667
2005,"La Paz","04012",71.6916666666667
2006,"La Paz","04012",72.275
2007,"La Paz","04012",72.6083333333333
2008,"La Paz","04012",72.1666666666667
2009,"La Paz","04012",72.325
2010,"La Paz","04012",71.475
2011,"La Paz","04012",71.4666666666667
2012,"La Paz","04012",73.1416666666667
2013,"La Paz","04012",71.825
2014,"La Paz","04012",73.825
2015,"La Paz","04012",73.0416666666667
2016,"La Paz","04012",73.6166666666667
2017,"La Paz","04012",74.0666666666667
2018,"La Paz","04012",73.075
2019,"La Paz","04012",70.975
2020,"La Paz","04012",73.0583333333333
2021,"La Paz","04012",73.5
2022,"La Paz","04012",72.8333333333333
2023,"La Paz","04012",71.975
2024,"La Paz","04012",60.125
1895,"Maricopa","04013",68.9416666666667
1896,"Maricopa","04013",70.3916666666667
1897,"Maricopa","04013",68.5333333333333
1898,"Maricopa","04013",68.6833333333333
1899,"Maricopa","04013",67.8416666666667
1900,"Maricopa","04013",68.6583333333333
1901,"Maricopa","04013",67.9416666666667
1902,"Maricopa","04013",67.675
1903,"Maricopa","04013",67.7166666666667
1904,"Maricopa","04013",68.7916666666667
1905,"Maricopa","04013",68.4416666666667
1906,"Maricopa","04013",68.2416666666667
1907,"Maricopa","04013",68.7333333333333
1908,"Maricopa","04013",68.725
1909,"Maricopa","04013",68.0583333333333
1910,"Maricopa","04013",70.7166666666667
1911,"Maricopa","04013",68.3083333333333
1912,"Maricopa","04013",67.1083333333333
1913,"Maricopa","04013",67.2583333333333
1914,"Maricopa","04013",70.075
1915,"Maricopa","04013",67.45
1916,"Maricopa","04013",67.8166666666667
1917,"Maricopa","04013",68.1666666666667
1918,"Maricopa","04013",68.1166666666667
1919,"Maricopa","04013",67.6583333333333
1920,"Maricopa","04013",67.3333333333333
1921,"Maricopa","04013",69.15
1922,"Maricopa","04013",67.9166666666667
1923,"Maricopa","04013",67.7583333333333
1924,"Maricopa","04013",68.3333333333333
1925,"Maricopa","04013",68.6666666666667
1926,"Maricopa","04013",69.1916666666667
1927,"Maricopa","04013",69.05
1928,"Maricopa","04013",69.375
1929,"Maricopa","04013",68.2916666666667
1930,"Maricopa","04013",68.3666666666667
1931,"Maricopa","04013",69.275
1932,"Maricopa","04013",68.3916666666667
1933,"Maricopa","04013",68.6583333333333
1934,"Maricopa","04013",71.3833333333333
1935,"Maricopa","04013",68.5083333333333
1936,"Maricopa","04013",70.125
1937,"Maricopa","04013",68.8166666666667
1938,"Maricopa","04013",68.8083333333333
1939,"Maricopa","04013",69.35
1940,"Maricopa","04013",71.025
1941,"Maricopa","04013",67.4083333333333
1942,"Maricopa","04013",68.75
1943,"Maricopa","04013",70.2083333333333
1944,"Maricopa","04013",67.5333333333333
1945,"Maricopa","04013",68.1083333333333
1946,"Maricopa","04013",68.7666666666667
1947,"Maricopa","04013",68.9833333333333
1948,"Maricopa","04013",68.3333333333333
1949,"Maricopa","04013",68.2666666666667
1950,"Maricopa","04013",70.2583333333333
1951,"Maricopa","04013",68.55
1952,"Maricopa","04013",68.6666666666667
1953,"Maricopa","04013",68.8083333333333
1954,"Maricopa","04013",70.6833333333333
1955,"Maricopa","04013",68.0916666666667
1956,"Maricopa","04013",69.3666666666667
1957,"Maricopa","04013",69.5916666666667
1958,"Maricopa","04013",70.65
1959,"Maricopa","04013",70.2333333333333
1960,"Maricopa","04013",69.4583333333333
1961,"Maricopa","04013",69.3333333333333
1962,"Maricopa","04013",69.8416666666667
1963,"Maricopa","04013",69.7916666666667
1964,"Maricopa","04013",67.6916666666667
1965,"Maricopa","04013",68.4166666666667
1966,"Maricopa","04013",69.6333333333333
1967,"Maricopa","04013",69.0166666666667
1968,"Maricopa","04013",68.975
1969,"Maricopa","04013",69.85
1970,"Maricopa","04013",69.1083333333333
1971,"Maricopa","04013",67.95
1972,"Maricopa","04013",69.675
1973,"Maricopa","04013",68.7166666666667
1974,"Maricopa","04013",69.5166666666667
1975,"Maricopa","04013",67.8916666666667
1976,"Maricopa","04013",69.175
1977,"Maricopa","04013",70.4333333333333
1978,"Maricopa","04013",69.9333333333333
1979,"Maricopa","04013",69.0833333333333
1980,"Maricopa","04013",70.4166666666667
1981,"Maricopa","04013",71.4083333333333
1982,"Maricopa","04013",68.7416666666667
1983,"Maricopa","04013",69.25
1984,"Maricopa","04013",69.5833333333333
1985,"Maricopa","04013",69.625
1986,"Maricopa","04013",70.7083333333333
1987,"Maricopa","04013",69.85
1988,"Maricopa","04013",70.625
1989,"Maricopa","04013",71.4166666666667
1990,"Maricopa","04013",69.85
1991,"Maricopa","04013",69.5833333333333
1992,"Maricopa","04013",70.0416666666667
1993,"Maricopa","04013",69.85
1994,"Maricopa","04013",70.4416666666667
1995,"Maricopa","04013",71.1666666666667
1996,"Maricopa","04013",71.8666666666667
1997,"Maricopa","04013",71.1166666666667
1998,"Maricopa","04013",69.0083333333333
1999,"Maricopa","04013",70.75
2000,"Maricopa","04013",71.4083333333333
2001,"Maricopa","04013",71.4083333333333
2002,"Maricopa","04013",71.2166666666667
2003,"Maricopa","04013",71.7583333333333
2004,"Maricopa","04013",70.875
2005,"Maricopa","04013",71.1
2006,"Maricopa","04013",71.3666666666667
2007,"Maricopa","04013",71.8666666666667
2008,"Maricopa","04013",71.1416666666667
2009,"Maricopa","04013",71.65
2010,"Maricopa","04013",70.775
2011,"Maricopa","04013",70.7916666666667
2012,"Maricopa","04013",72.1083333333333
2013,"Maricopa","04013",71.0166666666667
2014,"Maricopa","04013",72.35
2015,"Maricopa","04013",72.0333333333333
2016,"Maricopa","04013",72.7166666666667
2017,"Maricopa","04013",73.3166666666667
2018,"Maricopa","04013",72.2333333333333
2019,"Maricopa","04013",70.525
2020,"Maricopa","04013",72.9583333333333
2021,"Maricopa","04013",72
2022,"Maricopa","04013",71.275
2023,"Maricopa","04013",70.9833333333333
2024,"Maricopa","04013",58.575
1895,"Mohave","04015",60.775
1896,"Mohave","04015",62.475
1897,"Mohave","04015",61.0333333333333
1898,"Mohave","04015",61.8083333333333
1899,"Mohave","04015",61.5083333333333
1900,"Mohave","04015",62.0666666666667
1901,"Mohave","04015",62.4666666666667
1902,"Mohave","04015",61.8083333333333
1903,"Mohave","04015",61.1583333333333
1904,"Mohave","04015",61.1916666666667
1905,"Mohave","04015",60.225
1906,"Mohave","04015",60.6583333333333
1907,"Mohave","04015",61.35
1908,"Mohave","04015",60.325
1909,"Mohave","04015",59.725
1910,"Mohave","04015",62.9583333333333
1911,"Mohave","04015",60.0416666666667
1912,"Mohave","04015",58.7666666666667
1913,"Mohave","04015",59.0083333333333
1914,"Mohave","04015",61.4666666666667
1915,"Mohave","04015",60.7333333333333
1916,"Mohave","04015",60.2166666666667
1917,"Mohave","04015",60.65
1918,"Mohave","04015",60.9583333333333
1919,"Mohave","04015",60.3333333333333
1920,"Mohave","04015",59.5666666666667
1921,"Mohave","04015",62.2666666666667
1922,"Mohave","04015",60.4
1923,"Mohave","04015",59.9333333333333
1924,"Mohave","04015",60.6333333333333
1925,"Mohave","04015",61.0916666666667
1926,"Mohave","04015",61.7916666666667
1927,"Mohave","04015",61.5083333333333
1928,"Mohave","04015",61.9666666666667
1929,"Mohave","04015",61
1930,"Mohave","04015",60.7166666666667
1931,"Mohave","04015",61.675
1932,"Mohave","04015",60.25
1933,"Mohave","04015",61.1333333333333
1934,"Mohave","04015",64.1833333333333
1935,"Mohave","04015",61.4
1936,"Mohave","04015",62.725
1937,"Mohave","04015",61.2916666666667
1938,"Mohave","04015",61.5666666666667
1939,"Mohave","04015",61.7166666666667
1940,"Mohave","04015",62.9666666666667
1941,"Mohave","04015",59.8166666666667
1942,"Mohave","04015",61.2833333333333
1943,"Mohave","04015",62.3666666666667
1944,"Mohave","04015",59.8083333333333
1945,"Mohave","04015",60.4
1946,"Mohave","04015",61.075
1947,"Mohave","04015",61.7166666666667
1948,"Mohave","04015",59.8166666666667
1949,"Mohave","04015",59.6916666666667
1950,"Mohave","04015",62.4166666666667
1951,"Mohave","04015",60.4
1952,"Mohave","04015",60.65
1953,"Mohave","04015",61.2333333333333
1954,"Mohave","04015",62.55
1955,"Mohave","04015",60.25
1956,"Mohave","04015",61.6416666666667
1957,"Mohave","04015",61.1666666666667
1958,"Mohave","04015",62.3
1959,"Mohave","04015",62.3416666666667
1960,"Mohave","04015",61.85
1961,"Mohave","04015",61.4416666666667
1962,"Mohave","04015",62.0666666666667
1963,"Mohave","04015",61.7083333333333
1964,"Mohave","04015",60.0333333333333
1965,"Mohave","04015",60.2583333333333
1966,"Mohave","04015",61.6416666666667
1967,"Mohave","04015",61.0916666666667
1968,"Mohave","04015",61.3333333333333
1969,"Mohave","04015",61.725
1970,"Mohave","04015",61.275
1971,"Mohave","04015",60.3416666666667
1972,"Mohave","04015",61.5916666666667
1973,"Mohave","04015",60.4833333333333
1974,"Mohave","04015",61.825
1975,"Mohave","04015",60.1916666666667
1976,"Mohave","04015",61.375
1977,"Mohave","04015",62.525
1978,"Mohave","04015",61.6833333333333
1979,"Mohave","04015",60.9583333333333
1980,"Mohave","04015",62.3416666666667
1981,"Mohave","04015",63.9083333333333
1982,"Mohave","04015",60.3666666666667
1983,"Mohave","04015",61.2666666666667
1984,"Mohave","04015",61.6583333333333
1985,"Mohave","04015",61.6083333333333
1986,"Mohave","04015",62.7583333333333
1987,"Mohave","04015",61.6833333333333
1988,"Mohave","04015",62.5333333333333
1989,"Mohave","04015",63.4
1990,"Mohave","04015",61.8416666666667
1991,"Mohave","04015",61.3
1992,"Mohave","04015",62.175
1993,"Mohave","04015",61.4583333333333
1994,"Mohave","04015",62.6166666666667
1995,"Mohave","04015",63.0416666666667
1996,"Mohave","04015",64.1166666666667
1997,"Mohave","04015",62.825
1998,"Mohave","04015",60.7333333333333
1999,"Mohave","04015",62.8166666666667
2000,"Mohave","04015",63.8333333333333
2001,"Mohave","04015",63.35
2002,"Mohave","04015",63.2666666666667
2003,"Mohave","04015",63.9
2004,"Mohave","04015",62.6083333333333
2005,"Mohave","04015",62.7
2006,"Mohave","04015",63.2
2007,"Mohave","04015",63.925
2008,"Mohave","04015",62.7583333333333
2009,"Mohave","04015",62.9083333333333
2010,"Mohave","04015",62.2416666666667
2011,"Mohave","04015",61.875
2012,"Mohave","04015",64.1416666666667
2013,"Mohave","04015",62.5166666666667
2014,"Mohave","04015",64.425
2015,"Mohave","04015",63.85
2016,"Mohave","04015",64.15
2017,"Mohave","04015",64.8
2018,"Mohave","04015",64.425
2019,"Mohave","04015",61.825
2020,"Mohave","04015",64.425
2021,"Mohave","04015",64.4
2022,"Mohave","04015",63.775
2023,"Mohave","04015",62.1583333333333
2024,"Mohave","04015",51.15
1895,"Navajo","04017",50.025
1896,"Navajo","04017",51.5666666666667
1897,"Navajo","04017",50.6166666666667
1898,"Navajo","04017",50.2666666666667
1899,"Navajo","04017",51.2916666666667
1900,"Navajo","04017",51.9416666666667
1901,"Navajo","04017",52.6833333333333
1902,"Navajo","04017",52.425
1903,"Navajo","04017",51.3083333333333
1904,"Navajo","04017",51.9
1905,"Navajo","04017",51.0083333333333
1906,"Navajo","04017",51.225
1907,"Navajo","04017",51.9583333333333
1908,"Navajo","04017",50.6416666666667
1909,"Navajo","04017",50.3166666666667
1910,"Navajo","04017",53.25
1911,"Navajo","04017",51.2666666666667
1912,"Navajo","04017",49.2833333333333
1913,"Navajo","04017",49.5333333333333
1914,"Navajo","04017",52.025
1915,"Navajo","04017",50
1916,"Navajo","04017",50.9666666666667
1917,"Navajo","04017",50.3
1918,"Navajo","04017",50.7333333333333
1919,"Navajo","04017",49.7666666666667
1920,"Navajo","04017",49.925
1921,"Navajo","04017",52.1583333333333
1922,"Navajo","04017",50.6333333333333
1923,"Navajo","04017",49.7416666666667
1924,"Navajo","04017",50.475
1925,"Navajo","04017",50.9833333333333
1926,"Navajo","04017",51.9666666666667
1927,"Navajo","04017",51.9083333333333
1928,"Navajo","04017",51.475
1929,"Navajo","04017",50.1666666666667
1930,"Navajo","04017",50.4583333333333
1931,"Navajo","04017",50.8916666666667
1932,"Navajo","04017",50.2416666666667
1933,"Navajo","04017",50.45
1934,"Navajo","04017",53.9083333333333
1935,"Navajo","04017",51.15
1936,"Navajo","04017",52.2833333333333
1937,"Navajo","04017",50.7333333333333
1938,"Navajo","04017",51.2333333333333
1939,"Navajo","04017",51.4583333333333
1940,"Navajo","04017",52.7
1941,"Navajo","04017",50.2583333333333
1942,"Navajo","04017",50.9833333333333
1943,"Navajo","04017",52.6083333333333
1944,"Navajo","04017",50.0583333333333
1945,"Navajo","04017",50.3666666666667
1946,"Navajo","04017",51.4833333333333
1947,"Navajo","04017",51.1083333333333
1948,"Navajo","04017",50.4083333333333
1949,"Navajo","04017",49.9333333333333
1950,"Navajo","04017",52.3416666666667
1951,"Navajo","04017",50.7833333333333
1952,"Navajo","04017",50.3583333333333
1953,"Navajo","04017",50.9916666666667
1954,"Navajo","04017",52.7666666666667
1955,"Navajo","04017",50.3583333333333
1956,"Navajo","04017",51.0916666666667
1957,"Navajo","04017",51.3666666666667
1958,"Navajo","04017",52.1833333333333
1959,"Navajo","04017",51.7333333333333
1960,"Navajo","04017",51.15
1961,"Navajo","04017",50.6666666666667
1962,"Navajo","04017",51.1083333333333
1963,"Navajo","04017",51.4916666666667
1964,"Navajo","04017",49.4416666666667
1965,"Navajo","04017",50.225
1966,"Navajo","04017",51.375
1967,"Navajo","04017",50.7583333333333
1968,"Navajo","04017",49.7583333333333
1969,"Navajo","04017",51.375
1970,"Navajo","04017",50.4166666666667
1971,"Navajo","04017",49.9833333333333
1972,"Navajo","04017",51.45
1973,"Navajo","04017",49.9333333333333
1974,"Navajo","04017",51.0416666666667
1975,"Navajo","04017",49.1166666666667
1976,"Navajo","04017",50.425
1977,"Navajo","04017",51.7333333333333
1978,"Navajo","04017",51.4666666666667
1979,"Navajo","04017",50.1833333333333
1980,"Navajo","04017",51.65
1981,"Navajo","04017",52.875
1982,"Navajo","04017",50.3833333333333
1983,"Navajo","04017",51.05
1984,"Navajo","04017",51.05
1985,"Navajo","04017",51.4083333333333
1986,"Navajo","04017",52.275
1987,"Navajo","04017",50.5416666666667
1988,"Navajo","04017",51.5666666666667
1989,"Navajo","04017",52.4833333333333
1990,"Navajo","04017",51.2083333333333
1991,"Navajo","04017",50.7833333333333
1992,"Navajo","04017",50.7166666666667
1993,"Navajo","04017",51.4083333333333
1994,"Navajo","04017",52.2
1995,"Navajo","04017",52.7083333333333
1996,"Navajo","04017",53.4833333333333
1997,"Navajo","04017",51.6083333333333
1998,"Navajo","04017",51.3583333333333
1999,"Navajo","04017",52.425
2000,"Navajo","04017",53.675
2001,"Navajo","04017",53.1
2002,"Navajo","04017",52.7583333333333
2003,"Navajo","04017",53.6833333333333
2004,"Navajo","04017",52.0083333333333
2005,"Navajo","04017",53.1166666666667
2006,"Navajo","04017",52.6833333333333
2007,"Navajo","04017",53.375
2008,"Navajo","04017",52
2009,"Navajo","04017",52.375
2010,"Navajo","04017",51.9833333333333
2011,"Navajo","04017",51.6
2012,"Navajo","04017",53.9083333333333
2013,"Navajo","04017",51.7333333333333
2014,"Navajo","04017",53.7833333333333
2015,"Navajo","04017",53.3166666666667
2016,"Navajo","04017",53.6666666666667
2017,"Navajo","04017",54.6416666666667
2018,"Navajo","04017",53.925
2019,"Navajo","04017",51.975
2020,"Navajo","04017",54.4083333333333
2021,"Navajo","04017",53.6833333333333
2022,"Navajo","04017",52.6
2023,"Navajo","04017",52.1083333333333
2024,"Navajo","04017",41.3
1895,"Pima","04019",65.8833333333333
1896,"Pima","04019",67.0166666666667
1897,"Pima","04019",65.2833333333333
1898,"Pima","04019",66.0166666666667
1899,"Pima","04019",65.8583333333333
1900,"Pima","04019",67.175
1901,"Pima","04019",66.4666666666667
1902,"Pima","04019",66.525
1903,"Pima","04019",65.7833333333333
1904,"Pima","04019",66.425
1905,"Pima","04019",65.7
1906,"Pima","04019",66.5416666666667
1907,"Pima","04019",66.5416666666667
1908,"Pima","04019",66.0583333333333
1909,"Pima","04019",65.9083333333333
1910,"Pima","04019",68.4333333333333
1911,"Pima","04019",66.2
1912,"Pima","04019",64.75
1913,"Pima","04019",64.8166666666667
1914,"Pima","04019",67.4
1915,"Pima","04019",65.4583333333333
1916,"Pima","04019",66.1083333333333
1917,"Pima","04019",66.0166666666667
1918,"Pima","04019",65.9583333333333
1919,"Pima","04019",64.9166666666667
1920,"Pima","04019",64.9083333333333
1921,"Pima","04019",66.5166666666667
1922,"Pima","04019",65.9833333333333
1923,"Pima","04019",64.9083333333333
1924,"Pima","04019",65.9
1925,"Pima","04019",65.9666666666667
1926,"Pima","04019",66.5166666666667
1927,"Pima","04019",66.4416666666667
1928,"Pima","04019",66.5583333333333
1929,"Pima","04019",65.4666666666667
1930,"Pima","04019",65.6666666666667
1931,"Pima","04019",66.0416666666667
1932,"Pima","04019",65.65
1933,"Pima","04019",65.8416666666667
1934,"Pima","04019",68.15
1935,"Pima","04019",65.8166666666667
1936,"Pima","04019",67.1166666666667
1937,"Pima","04019",66.4166666666667
1938,"Pima","04019",66.4083333333333
1939,"Pima","04019",66.8583333333333
1940,"Pima","04019",67.9666666666667
1941,"Pima","04019",65.5416666666667
1942,"Pima","04019",66.3583333333333
1943,"Pima","04019",67.9166666666667
1944,"Pima","04019",65.2333333333333
1945,"Pima","04019",65.6916666666667
1946,"Pima","04019",66.3416666666667
1947,"Pima","04019",66.2083333333333
1948,"Pima","04019",65.9
1949,"Pima","04019",65.6916666666667
1950,"Pima","04019",67.8916666666667
1951,"Pima","04019",66.4833333333333
1952,"Pima","04019",66.2666666666667
1953,"Pima","04019",66.7083333333333
1954,"Pima","04019",68.275
1955,"Pima","04019",65.5916666666667
1956,"Pima","04019",66.9333333333333
1957,"Pima","04019",67.1583333333333
1958,"Pima","04019",67.325
1959,"Pima","04019",67.25
1960,"Pima","04019",66.7083333333333
1961,"Pima","04019",66.225
1962,"Pima","04019",67.15
1963,"Pima","04019",67
1964,"Pima","04019",64.5416666666667
1965,"Pima","04019",65.8583333333333
1966,"Pima","04019",66.3833333333333
1967,"Pima","04019",66.3333333333333
1968,"Pima","04019",66.1333333333333
1969,"Pima","04019",66.8166666666667
1970,"Pima","04019",66.2
1971,"Pima","04019",65.125
1972,"Pima","04019",66.7833333333333
1973,"Pima","04019",65.8
1974,"Pima","04019",66.475
1975,"Pima","04019",65.2833333333333
1976,"Pima","04019",66.125
1977,"Pima","04019",67.35
1978,"Pima","04019",66.9083333333333
1979,"Pima","04019",66.4083333333333
1980,"Pima","04019",67.7583333333333
1981,"Pima","04019",68.4583333333333
1982,"Pima","04019",66.1666666666667
1983,"Pima","04019",65.9
1984,"Pima","04019",66.3
1985,"Pima","04019",66.5333333333333
1986,"Pima","04019",68.0583333333333
1987,"Pima","04019",66.775
1988,"Pima","04019",67.6333333333333
1989,"Pima","04019",68.7916666666667
1990,"Pima","04019",66.8583333333333
1991,"Pima","04019",66.4583333333333
1992,"Pima","04019",67
1993,"Pima","04019",67.2
1994,"Pima","04019",67.8166666666667
1995,"Pima","04019",68.025
1996,"Pima","04019",69
1997,"Pima","04019",67.8833333333333
1998,"Pima","04019",66.3833333333333
1999,"Pima","04019",68.2833333333333
2000,"Pima","04019",68.675
2001,"Pima","04019",68.1833333333333
2002,"Pima","04019",68.3333333333333
2003,"Pima","04019",68.925
2004,"Pima","04019",67.4916666666667
2005,"Pima","04019",68.6083333333333
2006,"Pima","04019",68.4583333333333
2007,"Pima","04019",68.525
2008,"Pima","04019",67.8166666666667
2009,"Pima","04019",68.7916666666667
2010,"Pima","04019",67.8083333333333
2011,"Pima","04019",67.7583333333333
2012,"Pima","04019",69.0833333333333
2013,"Pima","04019",67.8333333333333
2014,"Pima","04019",69.5
2015,"Pima","04019",68.9
2016,"Pima","04019",69.5166666666667
2017,"Pima","04019",70.4666666666667
2018,"Pima","04019",69.4
2019,"Pima","04019",67.6166666666667
2020,"Pima","04019",69.8416666666667
2021,"Pima","04019",69.0583333333333
2022,"Pima","04019",68.0333333333333
2023,"Pima","04019",68.5333333333333
2024,"Pima","04019",56.475
1895,"Pinal","04021",66.9166666666667
1896,"Pinal","04021",67.8416666666667
1897,"Pinal","04021",66.4083333333333
1898,"Pinal","04021",66.8333333333333
1899,"Pinal","04021",66.4833333333333
1900,"Pinal","04021",67.4416666666667
1901,"Pinal","04021",66.9333333333333
1902,"Pinal","04021",67.1333333333333
1903,"Pinal","04021",66.4
1904,"Pinal","04021",67.1166666666667
1905,"Pinal","04021",66.8
1906,"Pinal","04021",67.1833333333333
1907,"Pinal","04021",67.5083333333333
1908,"Pinal","04021",66.925
1909,"Pinal","04021",66.5666666666667
1910,"Pinal","04021",69.1166666666667
1911,"Pinal","04021",66.6666666666667
1912,"Pinal","04021",65.625
1913,"Pinal","04021",66.0083333333333
1914,"Pinal","04021",68.5333333333333
1915,"Pinal","04021",66.2333333333333
1916,"Pinal","04021",67.2166666666667
1917,"Pinal","04021",67.2166666666667
1918,"Pinal","04021",67.125
1919,"Pinal","04021",66.05
1920,"Pinal","04021",65.8583333333333
1921,"Pinal","04021",67.925
1922,"Pinal","04021",66.9666666666667
1923,"Pinal","04021",65.925
1924,"Pinal","04021",67.1333333333333
1925,"Pinal","04021",67.25
1926,"Pinal","04021",67.6833333333333
1927,"Pinal","04021",67.75
1928,"Pinal","04021",67.7
1929,"Pinal","04021",66.875
1930,"Pinal","04021",66.9
1931,"Pinal","04021",67.7166666666667
1932,"Pinal","04021",66.6
1933,"Pinal","04021",66.8083333333333
1934,"Pinal","04021",69.65
1935,"Pinal","04021",66.75
1936,"Pinal","04021",68.325
1937,"Pinal","04021",67.6
1938,"Pinal","04021",67.5166666666667
1939,"Pinal","04021",67.9916666666667
1940,"Pinal","04021",69.4666666666667
1941,"Pinal","04021",66.5083333333333
1942,"Pinal","04021",67.3833333333333
1943,"Pinal","04021",68.8
1944,"Pinal","04021",66.025
1945,"Pinal","04021",66.5833333333333
1946,"Pinal","04021",67.3416666666667
1947,"Pinal","04021",67.5916666666667
1948,"Pinal","04021",67.1166666666667
1949,"Pinal","04021",66.9
1950,"Pinal","04021",68.7583333333333
1951,"Pinal","04021",67.35
1952,"Pinal","04021",67.2833333333333
1953,"Pinal","04021",67.45
1954,"Pinal","04021",69.3416666666667
1955,"Pinal","04021",66.85
1956,"Pinal","04021",67.95
1957,"Pinal","04021",67.8833333333333
1958,"Pinal","04021",68.6416666666667
1959,"Pinal","04021",68.5833333333333
1960,"Pinal","04021",67.9
1961,"Pinal","04021",67.7
1962,"Pinal","04021",68.2916666666667
1963,"Pinal","04021",68.1333333333333
1964,"Pinal","04021",65.8333333333333
1965,"Pinal","04021",66.9583333333333
1966,"Pinal","04021",67.8833333333333
1967,"Pinal","04021",67.5
1968,"Pinal","04021",67.2
1969,"Pinal","04021",68.2833333333333
1970,"Pinal","04021",67.6833333333333
1971,"Pinal","04021",66.575
1972,"Pinal","04021",67.9583333333333
1973,"Pinal","04021",66.975
1974,"Pinal","04021",67.9833333333333
1975,"Pinal","04021",66.4583333333333
1976,"Pinal","04021",67.55
1977,"Pinal","04021",68.8416666666667
1978,"Pinal","04021",68.4083333333333
1979,"Pinal","04021",67.4166666666667
1980,"Pinal","04021",68.8166666666667
1981,"Pinal","04021",69.8583333333333
1982,"Pinal","04021",67.3416666666667
1983,"Pinal","04021",67.4083333333333
1984,"Pinal","04021",67.725
1985,"Pinal","04021",67.8583333333333
1986,"Pinal","04021",68.9083333333333
1987,"Pinal","04021",68.125
1988,"Pinal","04021",68.8666666666667
1989,"Pinal","04021",70.025
1990,"Pinal","04021",68.2583333333333
1991,"Pinal","04021",67.5583333333333
1992,"Pinal","04021",68.0333333333333
1993,"Pinal","04021",68.275
1994,"Pinal","04021",68.9
1995,"Pinal","04021",69.2833333333333
1996,"Pinal","04021",70.2916666666667
1997,"Pinal","04021",69.475
1998,"Pinal","04021",67.65
1999,"Pinal","04021",69.4416666666667
2000,"Pinal","04021",69.725
2001,"Pinal","04021",69.3833333333333
2002,"Pinal","04021",69.55
2003,"Pinal","04021",70.025
2004,"Pinal","04021",68.7583333333333
2005,"Pinal","04021",69.575
2006,"Pinal","04021",69.575
2007,"Pinal","04021",70.05
2008,"Pinal","04021",69.075
2009,"Pinal","04021",69.8416666666667
2010,"Pinal","04021",68.9583333333333
2011,"Pinal","04021",69.05
2012,"Pinal","04021",70.3166666666667
2013,"Pinal","04021",69.05
2014,"Pinal","04021",70.5916666666667
2015,"Pinal","04021",69.7916666666667
2016,"Pinal","04021",70.675
2017,"Pinal","04021",71.3
2018,"Pinal","04021",70.4416666666667
2019,"Pinal","04021",68.9333333333333
2020,"Pinal","04021",71.025
2021,"Pinal","04021",70.3333333333333
2022,"Pinal","04021",69.3666666666667
2023,"Pinal","04021",69.6
2024,"Pinal","04021",57
1895,"Santa Cruz","04023",58.875
1896,"Santa Cruz","04023",60.025
1897,"Santa Cruz","04023",58.6333333333333
1898,"Santa Cruz","04023",59.2
1899,"Santa Cruz","04023",59.6166666666667
1900,"Santa Cruz","04023",61.5583333333333
1901,"Santa Cruz","04023",60.4583333333333
1902,"Santa Cruz","04023",61.475
1903,"Santa Cruz","04023",60.3166666666667
1904,"Santa Cruz","04023",61.3666666666667
1905,"Santa Cruz","04023",60.1666666666667
1906,"Santa Cruz","04023",60.65
1907,"Santa Cruz","04023",59.0916666666667
1908,"Santa Cruz","04023",59.475
1909,"Santa Cruz","04023",60.1916666666667
1910,"Santa Cruz","04023",62.2666666666667
1911,"Santa Cruz","04023",60.5916666666667
1912,"Santa Cruz","04023",58.4083333333333
1913,"Santa Cruz","04023",58.0333333333333
1914,"Santa Cruz","04023",60.1416666666667
1915,"Santa Cruz","04023",58.7166666666667
1916,"Santa Cruz","04023",59.2916666666667
1917,"Santa Cruz","04023",59.2166666666667
1918,"Santa Cruz","04023",59.2
1919,"Santa Cruz","04023",57.9166666666667
1920,"Santa Cruz","04023",58.2
1921,"Santa Cruz","04023",59.9416666666667
1922,"Santa Cruz","04023",59.25
1923,"Santa Cruz","04023",58.1
1924,"Santa Cruz","04023",59.0583333333333
1925,"Santa Cruz","04023",59.45
1926,"Santa Cruz","04023",59.2083333333333
1927,"Santa Cruz","04023",59.825
1928,"Santa Cruz","04023",59.5666666666667
1929,"Santa Cruz","04023",58.3
1930,"Santa Cruz","04023",58.375
1931,"Santa Cruz","04023",59.0166666666667
1932,"Santa Cruz","04023",58.8583333333333
1933,"Santa Cruz","04023",59.1583333333333
1934,"Santa Cruz","04023",61.35
1935,"Santa Cruz","04023",59.5333333333333
1936,"Santa Cruz","04023",60.1666666666667
1937,"Santa Cruz","04023",59.5916666666667
1938,"Santa Cruz","04023",60.1666666666667
1939,"Santa Cruz","04023",59.4916666666667
1940,"Santa Cruz","04023",60.4416666666667
1941,"Santa Cruz","04023",58.825
1942,"Santa Cruz","04023",59.6916666666667
1943,"Santa Cruz","04023",60.9333333333333
1944,"Santa Cruz","04023",58.3666666666667
1945,"Santa Cruz","04023",59.3833333333333
1946,"Santa Cruz","04023",59.75
1947,"Santa Cruz","04023",59.45
1948,"Santa Cruz","04023",59.2916666666667
1949,"Santa Cruz","04023",58.9416666666667
1950,"Santa Cruz","04023",61.2
1951,"Santa Cruz","04023",59.8333333333333
1952,"Santa Cruz","04023",59.6333333333333
1953,"Santa Cruz","04023",59.875
1954,"Santa Cruz","04023",61.6666666666667
1955,"Santa Cruz","04023",58.9666666666667
1956,"Santa Cruz","04023",59.875
1957,"Santa Cruz","04023",60.525
1958,"Santa Cruz","04023",60.3583333333333
1959,"Santa Cruz","04023",60.4083333333333
1960,"Santa Cruz","04023",59.8583333333333
1961,"Santa Cruz","04023",59.8333333333333
1962,"Santa Cruz","04023",60.3916666666667
1963,"Santa Cruz","04023",60.4416666666667
1964,"Santa Cruz","04023",57.95
1965,"Santa Cruz","04023",59.2583333333333
1966,"Santa Cruz","04023",59.65
1967,"Santa Cruz","04023",59.975
1968,"Santa Cruz","04023",59.525
1969,"Santa Cruz","04023",60.1583333333333
1970,"Santa Cruz","04023",59.6333333333333
1971,"Santa Cruz","04023",58.725
1972,"Santa Cruz","04023",60.1416666666667
1973,"Santa Cruz","04023",59.2666666666667
1974,"Santa Cruz","04023",59.8333333333333
1975,"Santa Cruz","04023",58.9666666666667
1976,"Santa Cruz","04023",59.3083333333333
1977,"Santa Cruz","04023",60.6333333333333
1978,"Santa Cruz","04023",60.4
1979,"Santa Cruz","04023",59.8333333333333
1980,"Santa Cruz","04023",61.0083333333333
1981,"Santa Cruz","04023",61.375
1982,"Santa Cruz","04023",59.8583333333333
1983,"Santa Cruz","04023",59.2583333333333
1984,"Santa Cruz","04023",59.7583333333333
1985,"Santa Cruz","04023",60.1166666666667
1986,"Santa Cruz","04023",61.275
1987,"Santa Cruz","04023",59.65
1988,"Santa Cruz","04023",60.5166666666667
1989,"Santa Cruz","04023",62.2333333333333
1990,"Santa Cruz","04023",60.3416666666667
1991,"Santa Cruz","04023",59.6166666666667
1992,"Santa Cruz","04023",60.2
1993,"Santa Cruz","04023",60.6833333333333
1994,"Santa Cruz","04023",61.2833333333333
1995,"Santa Cruz","04023",61.325
1996,"Santa Cruz","04023",62.2916666666667
1997,"Santa Cruz","04023",61.1666666666667
1998,"Santa Cruz","04023",60.225
1999,"Santa Cruz","04023",61.525
2000,"Santa Cruz","04023",61.9166666666667
2001,"Santa Cruz","04023",60.95
2002,"Santa Cruz","04023",61.5666666666667
2003,"Santa Cruz","04023",62.3083333333333
2004,"Santa Cruz","04023",60.6416666666667
2005,"Santa Cruz","04023",61.9666666666667
2006,"Santa Cruz","04023",61.575
2007,"Santa Cruz","04023",61.5
2008,"Santa Cruz","04023",60.9333333333333
2009,"Santa Cruz","04023",62
2010,"Santa Cruz","04023",60.9583333333333
2011,"Santa Cruz","04023",61.35
2012,"Santa Cruz","04023",62.4583333333333
2013,"Santa Cruz","04023",60.975
2014,"Santa Cruz","04023",62.075
2015,"Santa Cruz","04023",61.675
2016,"Santa Cruz","04023",62.2583333333333
2017,"Santa Cruz","04023",63.3833333333333
2018,"Santa Cruz","04023",62.2583333333333
2019,"Santa Cruz","04023",60.3333333333333
2020,"Santa Cruz","04023",62.6416666666667
2021,"Santa Cruz","04023",61.6
2022,"Santa Cruz","04023",60.725
2023,"Santa Cruz","04023",61.65
2024,"Santa Cruz","04023",50.7
1895,"Yavapai","04025",57.575
1896,"Yavapai","04025",59.2666666666667
1897,"Yavapai","04025",57.7583333333333
1898,"Yavapai","04025",58.5916666666667
1899,"Yavapai","04025",57.5833333333333
1900,"Yavapai","04025",58.4
1901,"Yavapai","04025",58.4583333333333
1902,"Yavapai","04025",57.475
1903,"Yavapai","04025",57.0583333333333
1904,"Yavapai","04025",58.3833333333333
1905,"Yavapai","04025",57.25
1906,"Yavapai","04025",57.05
1907,"Yavapai","04025",57.8
1908,"Yavapai","04025",57.5666666666667
1909,"Yavapai","04025",57.225
1910,"Yavapai","04025",60.3666666666667
1911,"Yavapai","04025",57.3583333333333
1912,"Yavapai","04025",56.2583333333333
1913,"Yavapai","04025",56.225
1914,"Yavapai","04025",58.8416666666667
1915,"Yavapai","04025",56.9416666666667
1916,"Yavapai","04025",57.3083333333333
1917,"Yavapai","04025",57.375
1918,"Yavapai","04025",57.6333333333333
1919,"Yavapai","04025",57.0833333333333
1920,"Yavapai","04025",56.5916666666667
1921,"Yavapai","04025",58.775
1922,"Yavapai","04025",57.2083333333333
1923,"Yavapai","04025",56.7583333333333
1924,"Yavapai","04025",57.55
1925,"Yavapai","04025",58.4583333333333
1926,"Yavapai","04025",58.525
1927,"Yavapai","04025",58.35
1928,"Yavapai","04025",58.8583333333333
1929,"Yavapai","04025",57.5083333333333
1930,"Yavapai","04025",57.6416666666667
1931,"Yavapai","04025",58.5583333333333
1932,"Yavapai","04025",57.5
1933,"Yavapai","04025",57.9916666666667
1934,"Yavapai","04025",61.05
1935,"Yavapai","04025",57.8333333333333
1936,"Yavapai","04025",59.325
1937,"Yavapai","04025",57.9166666666667
1938,"Yavapai","04025",58.15
1939,"Yavapai","04025",58.35
1940,"Yavapai","04025",59.6833333333333
1941,"Yavapai","04025",56.6083333333333
1942,"Yavapai","04025",57.95
1943,"Yavapai","04025",59.15
1944,"Yavapai","04025",56.5166666666667
1945,"Yavapai","04025",57.1083333333333
1946,"Yavapai","04025",57.925
1947,"Yavapai","04025",58.4
1948,"Yavapai","04025",57.3583333333333
1949,"Yavapai","04025",56.8666666666667
1950,"Yavapai","04025",59.4416666666667
1951,"Yavapai","04025",57.3666666666667
1952,"Yavapai","04025",57.2833333333333
1953,"Yavapai","04025",58.0583333333333
1954,"Yavapai","04025",59.6666666666667
1955,"Yavapai","04025",57.2416666666667
1956,"Yavapai","04025",58.6916666666667
1957,"Yavapai","04025",58.3416666666667
1958,"Yavapai","04025",59.35
1959,"Yavapai","04025",59.1833333333333
1960,"Yavapai","04025",58.7
1961,"Yavapai","04025",58.675
1962,"Yavapai","04025",58.8833333333333
1963,"Yavapai","04025",58.9083333333333
1964,"Yavapai","04025",56.8083333333333
1965,"Yavapai","04025",57.2083333333333
1966,"Yavapai","04025",58.625
1967,"Yavapai","04025",57.975
1968,"Yavapai","04025",57.85
1969,"Yavapai","04025",58.6083333333333
1970,"Yavapai","04025",57.9
1971,"Yavapai","04025",56.975
1972,"Yavapai","04025",58.65
1973,"Yavapai","04025",57.3416666666667
1974,"Yavapai","04025",58.4333333333333
1975,"Yavapai","04025",57.0333333333333
1976,"Yavapai","04025",58.025
1977,"Yavapai","04025",59.1666666666667
1978,"Yavapai","04025",58.7083333333333
1979,"Yavapai","04025",57.7166666666667
1980,"Yavapai","04025",59.2
1981,"Yavapai","04025",60.4083333333333
1982,"Yavapai","04025",57.55
1983,"Yavapai","04025",58.125
1984,"Yavapai","04025",58.6583333333333
1985,"Yavapai","04025",58.5833333333333
1986,"Yavapai","04025",59.2916666666667
1987,"Yavapai","04025",58.425
1988,"Yavapai","04025",59.4333333333333
1989,"Yavapai","04025",60.5416666666667
1990,"Yavapai","04025",58.625
1991,"Yavapai","04025",58.45
1992,"Yavapai","04025",58.7416666666667
1993,"Yavapai","04025",58.9083333333333
1994,"Yavapai","04025",59.5166666666667
1995,"Yavapai","04025",60.1
1996,"Yavapai","04025",61
1997,"Yavapai","04025",59.55
1998,"Yavapai","04025",57.7416666666667
1999,"Yavapai","04025",59.8833333333333
2000,"Yavapai","04025",60.6666666666667
2001,"Yavapai","04025",60.175
2002,"Yavapai","04025",60.4333333333333
2003,"Yavapai","04025",61
2004,"Yavapai","04025",59.45
2005,"Yavapai","04025",60.0583333333333
2006,"Yavapai","04025",60.3166666666667
2007,"Yavapai","04025",60.9166666666667
2008,"Yavapai","04025",59.925
2009,"Yavapai","04025",60.1583333333333
2010,"Yavapai","04025",59.4166666666667
2011,"Yavapai","04025",59.5833333333333
2012,"Yavapai","04025",60.95
2013,"Yavapai","04025",59.3916666666667
2014,"Yavapai","04025",61.0916666666667
2015,"Yavapai","04025",60.7916666666667
2016,"Yavapai","04025",61.2333333333333
2017,"Yavapai","04025",62.05
2018,"Yavapai","04025",61.2916666666667
2019,"Yavapai","04025",59.2583333333333
2020,"Yavapai","04025",61.5583333333333
2021,"Yavapai","04025",61.2166666666667
2022,"Yavapai","04025",60.875
2023,"Yavapai","04025",59.675
2024,"Yavapai","04025",48.325
1895,"Yuma","04027",70.825
1896,"Yuma","04027",72.5833333333333
1897,"Yuma","04027",70.3916666666667
1898,"Yuma","04027",70.775
1899,"Yuma","04027",70.2083333333333
1900,"Yuma","04027",71.0916666666667
1901,"Yuma","04027",70.725
1902,"Yuma","04027",70.325
1903,"Yuma","04027",70.625
1904,"Yuma","04027",71.1583333333333
1905,"Yuma","04027",70.6416666666667
1906,"Yuma","04027",70.4083333333333
1907,"Yuma","04027",70.825
1908,"Yuma","04027",70.9083333333333
1909,"Yuma","04027",70.1583333333333
1910,"Yuma","04027",72.0083333333333
1911,"Yuma","04027",69.7666666666667
1912,"Yuma","04027",68.425
1913,"Yuma","04027",68.7083333333333
1914,"Yuma","04027",71.3916666666667
1915,"Yuma","04027",69.4666666666667
1916,"Yuma","04027",69.7416666666667
1917,"Yuma","04027",70.15
1918,"Yuma","04027",69.9833333333333
1919,"Yuma","04027",69.4083333333333
1920,"Yuma","04027",68.9916666666667
1921,"Yuma","04027",70.3416666666667
1922,"Yuma","04027",69.175
1923,"Yuma","04027",68.5833333333333
1924,"Yuma","04027",69.3583333333333
1925,"Yuma","04027",69.725
1926,"Yuma","04027",70.725
1927,"Yuma","04027",70.1416666666667
1928,"Yuma","04027",70.525
1929,"Yuma","04027",69.9583333333333
1930,"Yuma","04027",69.6166666666667
1931,"Yuma","04027",70.3666666666667
1932,"Yuma","04027",69.825
1933,"Yuma","04027",70.0333333333333
1934,"Yuma","04027",72.5333333333333
1935,"Yuma","04027",69.975
1936,"Yuma","04027",71.6916666666667
1937,"Yuma","04027",70.775
1938,"Yuma","04027",70.175
1939,"Yuma","04027",70.725
1940,"Yuma","04027",72.2916666666667
1941,"Yuma","04027",69.0916666666667
1942,"Yuma","04027",70.1666666666667
1943,"Yuma","04027",71.4666666666667
1944,"Yuma","04027",69.075
1945,"Yuma","04027",69.6416666666667
1946,"Yuma","04027",70.175
1947,"Yuma","04027",70.5416666666667
1948,"Yuma","04027",69.5583333333333
1949,"Yuma","04027",69.8416666666667
1950,"Yuma","04027",71.8
1951,"Yuma","04027",70.45
1952,"Yuma","04027",71.0333333333333
1953,"Yuma","04027",71.1166666666667
1954,"Yuma","04027",72.6333333333333
1955,"Yuma","04027",70.175
1956,"Yuma","04027",71.3333333333333
1957,"Yuma","04027",71.5416666666667
1958,"Yuma","04027",72.725
1959,"Yuma","04027",72.45
1960,"Yuma","04027",71.8666666666667
1961,"Yuma","04027",71.2
1962,"Yuma","04027",71.85
1963,"Yuma","04027",71.1833333333333
1964,"Yuma","04027",69.55
1965,"Yuma","04027",70.2416666666667
1966,"Yuma","04027",71.4416666666667
1967,"Yuma","04027",70.6833333333333
1968,"Yuma","04027",70.8083333333333
1969,"Yuma","04027",71.7083333333333
1970,"Yuma","04027",70.8666666666667
1971,"Yuma","04027",69.875
1972,"Yuma","04027",71.3833333333333
1973,"Yuma","04027",70.5166666666667
1974,"Yuma","04027",71.4833333333333
1975,"Yuma","04027",69.6833333333333
1976,"Yuma","04027",70.8166666666667
1977,"Yuma","04027",71.8166666666667
1978,"Yuma","04027",71.625
1979,"Yuma","04027",70.7166666666667
1980,"Yuma","04027",72.4083333333333
1981,"Yuma","04027",73.1583333333333
1982,"Yuma","04027",70.325
1983,"Yuma","04027",71.55
1984,"Yuma","04027",71.6583333333333
1985,"Yuma","04027",71.2583333333333
1986,"Yuma","04027",72.5333333333333
1987,"Yuma","04027",71.7333333333333
1988,"Yuma","04027",72.475
1989,"Yuma","04027",72.9916666666667
1990,"Yuma","04027",71.6666666666667
1991,"Yuma","04027",71.3666666666667
1992,"Yuma","04027",72.1416666666667
1993,"Yuma","04027",71.6833333333333
1994,"Yuma","04027",72.0583333333333
1995,"Yuma","04027",73.2583333333333
1996,"Yuma","04027",73.825
1997,"Yuma","04027",72.9
1998,"Yuma","04027",70.8916666666667
1999,"Yuma","04027",72.5083333333333
2000,"Yuma","04027",73.2166666666667
2001,"Yuma","04027",73.0666666666667
2002,"Yuma","04027",72.5666666666667
2003,"Yuma","04027",73.45
2004,"Yuma","04027",72.575
2005,"Yuma","04027",72.5583333333333
2006,"Yuma","04027",72.8416666666667
2007,"Yuma","04027",73.0166666666667
2008,"Yuma","04027",73.1166666666667
2009,"Yuma","04027",73.225
2010,"Yuma","04027",72.3416666666667
2011,"Yuma","04027",72.2333333333333
2012,"Yuma","04027",73.8416666666667
2013,"Yuma","04027",72.8333333333333
2014,"Yuma","04027",74.725
2015,"Yuma","04027",74.2666666666667
2016,"Yuma","04027",74.4
2017,"Yuma","04027",74.975
2018,"Yuma","04027",74.0083333333333
2019,"Yuma","04027",72.15
2020,"Yuma","04027",74.175
2021,"Yuma","04027",74.1
2022,"Yuma","04027",73.475
2023,"Yuma","04027",72.825
2024,"Yuma","04027",61.025
